[
  {
    "id": "enums",
    "sql": "SELECT\n  n.nspname as schema_name,\n  t.typname as name,\n  e.enumlabel as value\nFROM\n  pg_type t\n  JOIN pg_enum e ON t.oid = e.enumtypid\n  JOIN pg_catalog.pg_namespace n ON n.oid = t.typnamespace\nWHERE\n  n.nspname NOT LIKE 'pg\\_%'\n  AND n.nspname != 'information_schema';",
    "rows": []
  },
  {
    "id": "constraints",
    "sql": "SELECT\n  con.contype::text AS constraint_type,\n  nsp.nspname AS constraint_schema,\n  con.conname AS constraint_name,\n  rel.relname AS table_name,\n  att.attname AS column_name,\n  pg_get_constraintdef(con.oid) AS expression,\n  fnsp.nspname AS foreign_table_schema,\n  frel.relname AS foreign_table_name,\n  fatt.attname AS foreign_column_name,\n  CASE con.confupdtype\n    WHEN 'a' THEN 'NO ACTION'\n    WHEN 'r' THEN 'RESTRICT'\n    WHEN 'n' THEN 'SET NULL'\n    WHEN 'c' THEN 'CASCADE'\n    WHEN 'd' THEN 'SET DEFAULT'\n  END AS update_rule,\n  CASE con.confdeltype\n    WHEN 'a' THEN 'NO ACTION'\n    WHEN 'r' THEN 'RESTRICT'\n    WHEN 'n' THEN 'SET NULL'\n    WHEN 'c' THEN 'CASCADE'\n    WHEN 'd' THEN 'SET DEFAULT'\n  END AS delete_rule\nFROM\n  pg_catalog.pg_constraint con\n  JOIN pg_catalog.pg_class rel ON rel.oid = con.conrelid\n  JOIN pg_catalog.pg_namespace nsp ON nsp.oid = con.connamespace\n  LEFT JOIN pg_catalog.pg_attribute att ON att.attnum = ANY (con.conkey)\n  AND att.attrelid = con.conrelid\n  LEFT JOIN pg_catalog.pg_class frel ON frel.oid = con.confrelid\n  LEFT JOIN pg_catalog.pg_namespace fnsp ON fnsp.oid = frel.relnamespace\n  LEFT JOIN pg_catalog.pg_attribute fatt ON fatt.attnum = ANY (con.confkey)\n  AND fatt.attrelid = con.confrelid\nWHERE\n  nsp.nspname NOT LIKE 'pg\\_%'\n  AND nsp.nspname != 'information_schema'\n  AND con.contype IN ('p', 'u');",
    "rows": []
  },
  {
    "id": "columns",
    "sql": "SELECT\n  n.nspname AS table_schema,\n  c.relname AS table_name,\n  a.attname AS column_name,\n  pg_catalog.pg_get_expr (ad.adbin, ad.adrelid) AS column_default,\n  CASE a.attnotnull\n    WHEN TRUE THEN 'NO'\n    ELSE 'YES'\n  END AS is_nullable,\n  CASE\n    WHEN pg_catalog.pg_get_expr (ad.adbin, ad.adrelid) LIKE 'nextval(%'\n    AND format_type(a.atttypid, a.atttypmod) = 'integer' THEN 'serial'\n    WHEN pg_catalog.pg_get_expr (ad.adbin, ad.adrelid) LIKE 'nextval(%'\n    AND format_type(a.atttypid, a.atttypmod) = 'bigint' THEN 'bigserial'\n    WHEN pg_catalog.pg_get_expr (ad.adbin, ad.adrelid) LIKE 'nextval(%'\n    AND format_type(a.atttypid, a.atttypmod) = 'smallint' THEN 'smallserial'\n    ELSE format_type(a.atttypid, a.atttypmod)\n  END AS data_type,\n  CASE\n    WHEN t.typcategory = 'A' THEN 'ARRAY'\n    WHEN t.typcategory = 'E' THEN 'ENUM'\n    WHEN t.typtype = 'b' THEN a.atttypid::text\n    ELSE 'USER-DEFINED'\n  END AS additional_dt,\n  typ_namespace.nspname AS type_schema,\n  t.typname AS type_name,\n  a.attndims AS array_dimensions,\n  a.attnum,\n  a.attidentity::text AS identity_type,\n  a.attgenerated::text as generated_type,\n  seq_class.relname AS identity_name,\n  seq.seqincrement AS identity_increment,\n  seq.seqmax AS identity_max,\n  seq.seqmin AS identity_min,\n  seq.seqstart AS identity_start,\n  seq.seqcache AS identity_cache,\n  seq.seqcycle AS identity_cycle\nFROM\n  pg_catalog.pg_attribute a\n  JOIN pg_catalog.pg_class c ON a.attrelid = c.oid\n  JOIN pg_catalog.pg_namespace n ON c.relnamespace = n.oid\n  LEFT JOIN pg_catalog.pg_depend dep ON dep.refobjid = c.oid\n  AND dep.refobjsubid = a.attnum\n  LEFT JOIN pg_catalog.pg_class seq_class ON seq_class.oid = dep.objid\n  LEFT JOIN pg_catalog.pg_sequence seq ON seq_class.oid = seq.seqrelid\n  LEFT JOIN pg_catalog.pg_attrdef ad ON a.attrelid = ad.adrelid\n  AND a.attnum = ad.adnum\n  JOIN pg_catalog.pg_type t ON a.atttypid = t.oid\n  LEFT JOIN pg_catalog.pg_namespace typ_namespace ON t.typnamespace = typ_namespace.oid\nWHERE\n  c.relkind IN ('r', 't', 'p', 'f', 'v', 'm')\n  AND a.attnum > 0\n  AND NOT a.attisdropped\n  AND n.nspname NOT LIKE 'pg\\_%'\n  AND n.nspname != 'information_schema'\nORDER BY\n  attnum;",
    "rows": []
  },
  {
    "id": "schemas",
    "sql": "SELECT\n  n.nspname as name\nFROM\n  pg_catalog.pg_namespace n\nWHERE\n  n.nspname NOT LIKE 'pg\\_%'\n  AND n.nspname != 'information_schema'\nORDER BY\n  n.nspname;",
    "rows": [
      {
        "name": "public"
      }
    ]
  },
  {
    "id": "entities",
    "sql": "SELECT\n  n.nspname as schema,\n  c.relname as name,\n  CASE\n    WHEN c.relkind = 'r'\n    OR c.relkind = 't'\n    OR c.relkind = 'p'\n    OR c.relkind = 'f' THEN 'table'\n    WHEN c.relkind = 'v' THEN 'view'\n    WHEN c.relkind = 'm' THEN 'mat_view'\n  END AS type,\n  definition\nFROM\n  pg_class c\n  JOIN pg_namespace n ON c.relnamespace = n.oid\n  LEFT JOIN pg_views v ON c.relname = v.viewname\nWHERE\n  n.nspname NOT LIKE 'pg\\_%'\n  AND n.nspname != 'information_schema'\nORDER BY\n  n.nspname,\n  c.relname;",
    "rows": []
  },
  {
    "id": "constraints",
    "sql": "SELECT\n  con.contype::text AS constraint_type,\n  nsp.nspname AS constraint_schema,\n  con.conname AS constraint_name,\n  rel.relname AS table_name,\n  att.attname AS column_name,\n  pg_get_constraintdef(con.oid) AS expression,\n  fnsp.nspname AS foreign_table_schema,\n  frel.relname AS foreign_table_name,\n  fatt.attname AS foreign_column_name,\n  CASE con.confupdtype\n    WHEN 'a' THEN 'NO ACTION'\n    WHEN 'r' THEN 'RESTRICT'\n    WHEN 'n' THEN 'SET NULL'\n    WHEN 'c' THEN 'CASCADE'\n    WHEN 'd' THEN 'SET DEFAULT'\n  END AS update_rule,\n  CASE con.confdeltype\n    WHEN 'a' THEN 'NO ACTION'\n    WHEN 'r' THEN 'RESTRICT'\n    WHEN 'n' THEN 'SET NULL'\n    WHEN 'c' THEN 'CASCADE'\n    WHEN 'd' THEN 'SET DEFAULT'\n  END AS delete_rule\nFROM\n  pg_catalog.pg_constraint con\n  JOIN pg_catalog.pg_class rel ON rel.oid = con.conrelid\n  JOIN pg_catalog.pg_namespace nsp ON nsp.oid = con.connamespace\n  LEFT JOIN pg_catalog.pg_attribute att ON att.attnum = ANY (con.conkey)\n  AND att.attrelid = con.conrelid\n  LEFT JOIN pg_catalog.pg_class frel ON frel.oid = con.confrelid\n  LEFT JOIN pg_catalog.pg_namespace fnsp ON fnsp.oid = frel.relnamespace\n  LEFT JOIN pg_catalog.pg_attribute fatt ON fatt.attnum = ANY (con.confkey)\n  AND fatt.attrelid = con.confrelid\nWHERE\n  nsp.nspname NOT LIKE 'pg\\_%'\n  AND nsp.nspname != 'information_schema'\n  AND con.contype IN ('c');",
    "rows": []
  },
  {
    "id": "constraints",
    "sql": "SELECT\n  con.contype::text AS constraint_type,\n  nsp.nspname AS constraint_schema,\n  con.conname AS constraint_name,\n  rel.relname AS table_name,\n  att.attname AS column_name,\n  pg_get_constraintdef(con.oid) AS expression,\n  fnsp.nspname AS foreign_table_schema,\n  frel.relname AS foreign_table_name,\n  fatt.attname AS foreign_column_name,\n  CASE con.confupdtype\n    WHEN 'a' THEN 'NO ACTION'\n    WHEN 'r' THEN 'RESTRICT'\n    WHEN 'n' THEN 'SET NULL'\n    WHEN 'c' THEN 'CASCADE'\n    WHEN 'd' THEN 'SET DEFAULT'\n  END AS update_rule,\n  CASE con.confdeltype\n    WHEN 'a' THEN 'NO ACTION'\n    WHEN 'r' THEN 'RESTRICT'\n    WHEN 'n' THEN 'SET NULL'\n    WHEN 'c' THEN 'CASCADE'\n    WHEN 'd' THEN 'SET DEFAULT'\n  END AS delete_rule\nFROM\n  pg_catalog.pg_constraint con\n  JOIN pg_catalog.pg_class rel ON rel.oid = con.conrelid\n  JOIN pg_catalog.pg_namespace nsp ON nsp.oid = con.connamespace\n  LEFT JOIN pg_catalog.pg_attribute att ON att.attnum = ANY (con.conkey)\n  AND att.attrelid = con.conrelid\n  LEFT JOIN pg_catalog.pg_class frel ON frel.oid = con.confrelid\n  LEFT JOIN pg_catalog.pg_namespace fnsp ON fnsp.oid = frel.relnamespace\n  LEFT JOIN pg_catalog.pg_attribute fatt ON fatt.attnum = ANY (con.confkey)\n  AND fatt.attrelid = con.confrelid\nWHERE\n  nsp.nspname NOT LIKE 'pg\\_%'\n  AND nsp.nspname != 'information_schema'\n  AND con.contype IN ('f');",
    "rows": []
  }
]