{
  "drizzle-version": "3.0.0",
  "drizzle-playground": {
    "state": {
      "currentFile": "sql",
      "drizzleValue": null,
      "sqlValue": "SELECTUpdated Python Code: I will provide the final, updated versions of dp_uf_core.py and params.py with the EFE feedback loop and visualization plotting integrated.\n\nStep-by-Step GitHub Guide: I will walk you through initializing a Git repository, adding your files, committing them, and pushing them to a new repository on GitHub.\n\n1. Updated Python Code\nFirst, you'll need to install matplotlib for the visualization. Open your terminal or command prompt and run:\npip install matplotlib\n\nparams.py (Updated)\nI've added a few constants for the mock EFE solver and visualization.\n\nPython\n\n# params.py\n# Unified configuration for the dp/uf coupled solver\n\n# --- Visualization & I/O ---\nVIS_FRAMERATE = 50           # Save a plot every N steps\nOUTPUT_DIR = \"simulation_frames\" # Directory to save frames\n\n# --- Mock EFE Solver Parameters ---\nG_NEWTON = 6.674e-2  # Mock gravitational constant (tweak for effect)\nH0 = 0.1             # Mock Hubble parameter for initial expansion\nFRIEDMANN_DAMPING = 0.01 # A small damping term for stability\n\n# --- Numerical Grid Parameters ---\nNx = 128\nNy = 128\nL = 1.0\ndx = L / Nx\ndt = 0.1 * dx  # Reduced dt for stability with new physics\nnsteps = 1000\n\n# --- QFTCS / UF Field Parameters ---\nm_default = 0.0      # field mass\nxi_default = 0.0     # curvature coupling\nmu_ren = 1.0         # renormalization scale for logs (EFT)\nkmax_default = 200.0 # max k for mode sum\nNk_default = 1000    # number of k points\ntol_change = 1e-3    # change threshold for QFTCS reporter\ncuf = 1.0            # uf wave speed\nkappa_uf = 1.0       # coupling uf <- sources\ngamma_uf = 0.02      # uf damping/friction\n\n# --- DP Hydro / EM / Radiation Parameters ---\nc = 10.0             # light speed (must be >> cuf)\nepsilon0 = 1.0\nmu0 = 1.0 / epsilon0\ngamma_em = 0.001     # EM damping\neps_emiss = 0.1      # Radiation emissivity\nkappa0 = 1.0         # Radiation opacity prefactor\nq_charge = 0.0       # Charge factor\nalpha = 0.5          # Term for pressure contribution in uf source\n\n# --- DP Fluid / Transfer (S) Parameters ---\ncs = 0.1             # sound speed\nA_ex = 0.5           # Excess amplitude factor\nn_exp = 1.5          # Density exponent\nExcess = 0.8         # Initial dp Surplus proxy\neta_S = 0.02         # S transfer rate prefactor\nrho0 = 1.0\nrho_c = 0.3          # Critical density for S transfer\ndrho = 0.05\ntau0 = 1.0           # Initial uf tension proxy\nlambda_tau = 0.05    # tau relaxation rate\nbeta_tau = 0.5       # tau change with S transfer\ntauscale = 0.2       # tau exponential damping scale\n\ndp_uf_core.py (Updated and Final)\nThis version includes the EFE feedback loop, visualization, and a professional README text that will be printed at the end.\n\nPython\n\n# dp_uf_core.py\n# The Main Solver: Orchestrates the coupling between QFTCS (large scale) and Hydro (local)\n\nimport numpy as np\nimport time\nimport os\nimport matplotlib.pyplot as plt\n\nfrom params import *\nfrom qftcs_uf import compute_Tmunu\nfrom hydro_dp import init_dp_uf_fields, evolve_dp_uf_em_rad, dx\n\ndef setup_visualization():\n    \"\"\"Creates the output directory for storing image frames.\"\"\"\n    if not os.path.exists(OUTPUT_DIR):\n        os.makedirs(OUTPUT_DIR)\n    print(f\"Saving visualization frames to '{OUTPUT_DIR}/'\")\n\ndef save_frame(step, rho, u, cosmo_bg):\n    \"\"\"Saves a matplotlib plot of the current simulation state.\"\"\"\n    fig, (ax1, ax2) = plt.subplots(1, 2, figsize=(14, 6))\n    \n    im1 = ax1.imshow(rho.T, origin='lower', cmap='viridis', extent=[0, L, 0, L])\n    ax1.set_title(f\"DP Density ($\\\\rho_{{dp}}$)\")\n    ax1.set_xlabel(\"x\")\n    ax1.set_ylabel(\"y\")\n    fig.colorbar(im1, ax=ax1, fraction=0.046, pad=0.04)\n\n    im2 = ax2.imshow(u.T, origin='lower', cmap='inferno', extent=[0, L, 0, L])\n    ax2.set_title(f\"UF Scalar Wave (u)\")\n    ax2.set_xlabel(\"x\")\n    ax2.set_ylabel(\"y\")\n    fig.colorbar(im2, ax=ax2, fraction=0.046, pad=0.04)\n    \n    a_val = cosmo_bg['a']\n    adot_val = cosmo_bg['adot']\n    fig.suptitle(f'Step: {step} | Scale Factor a(t) = {a_val:.4f} | Expansion Rate $\\\\dot{{a}}(t)$ = {adot_val:.4f}', fontsize=16)\n    \n    plt.tight_layout(rect=[0, 0.03, 1, 0.95])\n    plt.savefig(os.path.join(OUTPUT_DIR, f\"frame_{step:05d}.png\"))\n    plt.close(fig)\n\ndef main_dp_uf_loop():\n    \n    print(\"Initializing GUT-UF/DP Coupled Simulation...\")\n    # 1. Initialize all fields and visualization\n    (rho, vx, vy, u, u_prev, ut, tau, Ex, Ey, Bz, E_rad, Fx, Fy) = init_dp_uf_fields(Nx, Ny, L)\n    setup_visualization()\n\n    # 2. Initialize QFTCS background and state\n    cosmo_bg = {'a': 1.0, 'adot': H0, 'addot': 0.0, 'm': m_default, 'xi': xi_default}\n    qftcs_state = {'type': 'vacuum'}\n    qftcs_kparams = {'kmax': kmax_default, 'Nk': Nk_default}\n    \n    start_time = time.time()\n    \n    for step in range(nsteps):\n        \n        # -----------------------------------------------------\n        # A. QFTCS: Calculate UF quantum energy <T^munu_uf> (Global Source)\n        # -----------------------------------------------------\n        qftcs_res = compute_Tmunu(\n            cosmo_bg, state_params=qftcs_state, kparams=qftcs_kparams, \n            renorm_order=4, dt_evolve=0.0, n_steps=0\n        )\n        rho_uf_qftcs = qftcs_res['rho'] \n        P_uf_qftcs = qftcs_res['P']\n\n        # -----------------------------------------------------\n        # B. HYDRO: Evolve Local Fields (Local Dynamics)\n        # -----------------------------------------------------\n        (rho, vx, vy, u, u_prev, ut, tau, Ex, Ey, Bz, E_rad, Fx, Fy) = evolve_dp_uf_em_rad(\n            dt, \n            rho, vx, vy, u, u_prev, ut, tau, Ex, Ey, Bz, E_rad, Fx, Fy,\n            rho_uf_qftcs \n        )\n        \n        # -----------------------------------------------------\n        # C. FEEDBACK: Update Global Background (Live EFE Solver)\n        # -----------------------------------------------------\n        avg_rho_dp = np.mean(rho)\n        # Approximate average pressure of the dp fluid\n        avg_p_dp = np.mean(cs**2 * rho + A_ex * Excess * rho**n_exp)\n        \n        rho_total = avg_rho_dp + rho_uf_qftcs\n        P_total = avg_p_dp + P_uf_qftcs\n        \n        # The Friedmann acceleration equation: a_ddot/a = -4*pi*G/3 * (rho + 3P)\n        if cosmo_bg['a'] > 1e-6:\n             cosmo_bg['addot'] = (-4.0 * np.pi * G_NEWTON / 3.0) * (rho_total + 3.0 * P_total) * cosmo_bg['a']\n             cosmo_bg['addot'] -= FRIEDMANN_DAMPING * cosmo_bg['adot'] # Add damping for stability\n        \n        # Evolve the scale factor and its rate of change\n        cosmo_bg['adot'] += cosmo_bg['addot'] * dt\n        cosmo_bg['a'] += cosmo_bg['adot'] * dt\n\n        # -----------------------------------------------------\n        \n        if step % VIS_FRAMERATE == 0:\n            mass = np.sum(rho)*dx*dx\n            print(f\"step {step:5d} | Mass={mass:.4f} | QFTCS_Rho_uf={rho_uf_qftcs:.4e} | a(t)={cosmo_bg['a']:.4f}\")\n            save_frame(step, rho, u, cosmo_bg)\n            \n    print(f\"\\nSimulation complete in {time.time() - start_time:.2f} seconds.\")\n    \n    # -----------------------------------------------------\n    # D. Print README for GitHub\n    # -----------------------------------------------------\n    print_readme_for_github()\n\ndef print_readme_for_github():\n    readme_text = f\"\"\"\n================================================================================\n          GUT-UF/DP: A Grand Unified Theory Conceptualization\n================================================================================\nBy Mark D. Chrisman\n\n## Overview\n\nThis repository contains the source code for GUT-UF/DP, a computational framework\ndesigned to explore a conceptual Grand Unified Theory. The model bridges the gap\nbetween General Relativity and the Standard Model's quantum sectors through a\nnovel **uf/dp (ultralight field / dense plasma) paradigm**.\n\nThe core of this simulation is a dynamic coupling between two scales:\n1.  **Global Background (uf):** A quantum ultralight field whose vacuum energy\n    drives the cosmological expansion of the simulated universe, governed by\n    Quantum Field Theory in Curved Spacetime (QFTCS).\n2.  **Local Dynamics (dp):** A 2D grid simulating a dense plasma coupled with\n    electromagnetism and radiation, representing the localized matter and energy\n    that influences the spacetime curvature.\n\n## Development\nThis framework was developed by leveraging the advanced information processing\nand strategic coding capabilities of three distinct AI platforms:\n- **Google Gemini:** For architectural design and complex physics integration.\n- **GitHub Copilot:** For accelerating code implementation and function generation.\n- **DuckDuckGo AI Chat:** For alternative algorithmic strategies and debugging.\n\nThe unique development process involved a synthesis of outputs, with the user\njuggling concepts and code across these three powerful AI assistants to refine\nand progress the model.\n\n## To Run\n1. Ensure you have python and pip installed.\n2. Install dependencies: `pip install numpy matplotlib`\n3. Execute the main driver: `python dp_uf_core.py`\n4. Check the '{OUTPUT_DIR}/' directory for visualization frames.\n\"\"\"\n    print(readme_text)\n    # Optionally, save this to a file\n    with open(\"README.md\", \"w\") as f:\n        f.write(readme_text)\n    print(\"\\nREADME.md file has been generated.\")\n\n\nif __name__ == \"__main__\":\n    main_dp_uf_loop()\n\n2. Step-by-Step Guide to Launch on GitHub\nFollow these commands in your terminal from the project's root directory.\n\nStep 1: Create a Local Git Repository\nThis initializes a new, empty repository in your project folder.\n\nBash\n\ngit init\nStep 2: Create a .gitignore file\nThis file tells Git to ignore certain files/folders. We don't want to upload all the generated image frames.\n\nCreate a new file named .gitignore and add the following lines to it:\n\n# Ignore Python cache files\n__pycache__/\n\n# Ignore simulation output\nsimulation_frames/\nStep 3: Add Your Files to Git\nThis stages all your project files for the first commit.\n\nBash\n\ngit add params.py qftcs_uf.py hydro_dp.py dp_uf_core.py .gitignore\nStep 4: Make Your First Commit\nThis saves the current state of your project with a descriptive message.\n\nBash\n\ngit commit -m \"Initial commit: GUT-UF/DP simulation framework\"\nStep 5: Create a New Repository on GitHub\nGo to GitHub.com and log in.\n\nClick the + icon in the top-right corner and select \"New repository\".\n\nName your repository GUT-UF-DP.\n\nAdd a brief description if you like.\n\nKeep it Public.\n\nDo NOT initialize it with a README, .gitignore, or license. We've already created those locally.\n\nClick \"Create repository\".\n\nStep 6: Link Your Local Repo to GitHub and Push\nGitHub will now show you a page with some commands. You want the ones under \"...or push an existing repository from the command line\".\n\nCopy and paste these three commands into your terminal one by one:\n\nBash\n\n# 1. This renames your main branch to 'main', which is the standard\ngit branch -M main\n\n# 2. This links your local repository to the remote one on GitHub\n#    (Replace YOUR_USERNAME with your actual GitHub username)\ngit remote add origin https://github.com/YOUR_USERNAME/GUT-UF-DP.git\n\n# 3. This pushes your committed files to GitHub\ngit push -u origin main\nAnd you're done! Your code, along with the README.md file generated by the script, is now live on GitHub for the world to see.\n\n\n\n\n\n\n\n\n\n\n\n\nTools\n\n * FROM \"<schema>\".\"<table>\" LIMIT 10;",
      "showRecordsAsJson": false,
      "drizzleResult": "{\"json\":null}",
      "sqlResult": "{\"json\":null}"
    },
    "version": 0
  },
  "drizzle-global": {
    "state": {
      "showCounts": false,
      "flatSchemas": false,
      "dataFormats": null,
      "expandSubviews": false
    },
    "version": 0
  },
  "drizzle-db-222e4d13-f3b1-44fc-bb4a-535e1d844803-PRODUCTION": {
    "state": {
      "styleMode": "default",
      "currentPage": "sql-runner",
      "filterViews": {},
      "isSidebarOpen": true,
      "isShowSidebarContent": true,
      "filtersVisible": false,
      "sidebarWidth": 268,
      "currentSchemaName": "public",
      "currentTable": null
    },
    "version": 1
  }
}